username,userEmail,userPassword
testuserlab1,testuserlab1@example.com,pass1
testuserlab2,testuserlab2@example.com,pass2
testuserlab3,testuserlab3@example.com,pass3
testuserlab4,testuserlab4@example.com,pass4
testuserlab5,testuserlab5@example.com,pass5
testuserlab6,testuserlab6@example.com,pass6
testuserlab7,testuserlab7@example.com,pass7
testuserlab8,testuserlab8@example.com,pass8
testuserlab9,testuserlab9@example.com,pass9
testuserlab10,testuserlab10@example.com,pass10
testuserlab11,testuserlab11@example.com,pass11
testuserlab12,testuserlab12@example.com,pass12
testuserlab13,testuserlab13@example.com,pass13
testuserlab14,testuserlab14@example.com,pass14
testuserlab15,testuserlab15@example.com,pass15
testuserlab16,testuserlab16@example.com,pass16
testuserlab17,testuserlab17@example.com,pass17
testuserlab18,testuserlab18@example.com,pass18
testuserlab19,testuserlab19@example.com,pass19
testuserlab20,testuserlab20@example.com,pass20
testuserlab21,testuserlab21@example.com,pass21
testuserlab22,testuserlab22@example.com,pass22
testuserlab23,testuserlab23@example.com,pass23
testuserlab24,testuserlab24@example.com,pass24
testuserlab25,testuserlab25@example.com,pass25
testuserlab26,testuserlab26@example.com,pass26
testuserlab27,testuserlab27@example.com,pass27
testuserlab28,testuserlab28@example.com,pass28
testuserlab29,testuserlab29@example.com,pass29
testuserlab30,testuserlab30@example.com,pass30
